Season,Date,HomeTeam,AwayTeam,FTR,pred,p_home,p_draw,p_away,correct
2025_2026,2025-08-15,Liverpool,Bournemouth,H,H,0.7337278106508877,0.15722738799661878,0.10904480135249367,1
2025_2026,2025-08-16,Aston Villa,Newcastle,D,H,0.3983692510117422,0.2780407089172863,0.3235900400709714,0
2025_2026,2025-08-16,Brighton,Fulham,D,H,0.5175113638639139,0.26017741644806663,0.2223112196880194,0
2025_2026,2025-08-16,Sunderland,West Ham,H,A,0.2790438371706344,0.2992899199937404,0.4216662428356253,0
2025_2026,2025-08-16,Tottenham,Burnley,H,H,0.6104420846606088,0.23595641676407572,0.15360149857531552,1
2025_2026,2025-08-16,Wolves,Man City,A,A,0.15204743790557168,0.21962407697471467,0.6283284851197136,1
2025_2026,2025-08-17,Chelsea,Crystal Palace,D,H,0.521790667351535,0.25528468133865423,0.22292465130981076,0
2025_2026,2025-08-17,Nott'm Forest,Brentford,H,H,0.4964338245497183,0.27563622235173313,0.22792995309854852,1
2025_2026,2025-08-17,Man United,Arsenal,A,A,0.2507488052474305,0.2568481005102058,0.4924030942423636,1
2025_2026,2025-08-18,Leeds,Everton,H,H,0.4049438309899639,0.29519269922632874,0.29986346978370737,1
2025_2026,2025-08-22,West Ham,Chelsea,A,A,0.19979687034367832,0.24843851678860526,0.5517646128677164,1
2025_2026,2025-08-23,Man City,Tottenham,A,H,0.6165201005025125,0.2095896147403685,0.1738902847571189,0
2025_2026,2025-08-23,Bournemouth,Wolves,H,H,0.5268842451279644,0.2535806527353839,0.21953510213665178,1
2025_2026,2025-08-23,Brentford,Aston Villa,H,A,0.2913027480295138,0.2744156322017159,0.4342816197687705,0
2025_2026,2025-08-23,Burnley,Sunderland,H,H,0.3992966394998326,0.3055710617394217,0.2951322987607458,1
2025_2026,2025-08-23,Arsenal,Leeds,H,H,0.7158688565734552,0.17763163791841333,0.1064995055081315,1
2025_2026,2025-08-24,Crystal Palace,Nott'm Forest,D,H,0.39703020255171917,0.29287104447487927,0.31009875297340156,0
2025_2026,2025-08-24,Everton,Brighton,H,A,0.32661816074561756,0.28359061861146434,0.38979122064291805,0
2025_2026,2025-08-24,Fulham,Man United,D,A,0.27460759865043277,0.2699134516649553,0.45547894968461194,0
2025_2026,2025-08-25,Newcastle,Liverpool,A,A,0.32519170690144844,0.26015336552115875,0.4146549275773928,1
2025_2026,2025-08-30,Chelsea,Fulham,H,H,0.5691699946157767,0.24186104096904504,0.18896896441517833,1
2025_2026,2025-08-30,Man United,Burnley,H,H,0.6876130942589243,0.1875308438887975,0.12485606185227832,1
2025_2026,2025-08-30,Sunderland,Brentford,H,A,0.3055305530553056,0.29142914291429145,0.4030403040304031,0
2025_2026,2025-08-30,Tottenham,Bournemouth,A,H,0.5009549453646013,0.252481292463759,0.24656376217163967,0
2025_2026,2025-08-30,Wolves,Everton,A,A,0.2852184637764803,0.30539468950986476,0.40938684671365494,1
2025_2026,2025-08-30,Leeds,Newcastle,D,A,0.2581434378846082,0.28196024316562857,0.4598963189497631,0
2025_2026,2025-08-31,Brighton,Man City,H,A,0.2730258903861573,0.2602746812197708,0.46669942839407197,0
2025_2026,2025-08-31,Nott'm Forest,West Ham,A,H,0.5737904164260286,0.23609830102317886,0.19011128255079257,0
2025_2026,2025-08-31,Liverpool,Arsenal,H,H,0.40014611303400116,0.2847886750422171,0.3150652119237817,1
2025_2026,2025-08-31,Aston Villa,Crystal Palace,A,H,0.45392651852074634,0.27028673040124207,0.2757867510780116,0
2025_2026,2025-09-13,Arsenal,Nott'm Forest,H,H,0.6740898550178165,0.1988424049320337,0.12706774005014987,1
2025_2026,2025-09-13,Bournemouth,Brighton,H,H,0.3925240315979823,0.2706291044065861,0.3368468639954316,1
2025_2026,2025-09-13,Crystal Palace,Sunderland,D,H,0.5647133178712683,0.2599228421982824,0.17536383993044932,0
2025_2026,2025-09-13,Everton,Aston Villa,D,H,0.3630470016207455,0.2972447325769854,0.33970826580226904,0
2025_2026,2025-09-13,Fulham,Leeds,H,H,0.4655722285092812,0.28183007304419394,0.2525976984465249,1
2025_2026,2025-09-13,Newcastle,Wolves,H,H,0.6981400495284261,0.18989409347173192,0.11196585699984192,1
2025_2026,2025-09-13,West Ham,Tottenham,A,A,0.2908214109804011,0.27093618629798055,0.4382424027216183,1
2025_2026,2025-09-13,Brentford,Chelsea,D,A,0.22561818308360765,0.25533670719945917,0.5190451097169333,0
2025_2026,2025-09-14,Burnley,Liverpool,A,A,0.10994277947999387,0.171264654677319,0.7187925658426872,1
2025_2026,2025-09-14,Man City,Man United,H,H,0.5746579417013682,0.22903033908387863,0.19631171921475307,1
2025_2026,2025-09-20,Liverpool,Everton,H,H,0.6303464683741683,0.21880992350459638,0.15084360812123523,1
2025_2026,2025-09-20,Brighton,Tottenham,D,H,0.43689510178580326,0.2611742068526703,0.30193069136152645,0
2025_2026,2025-09-20,Burnley,Nott'm Forest,D,A,0.2782080989485941,0.2866131774666785,0.4351787235847275,0
2025_2026,2025-09-20,West Ham,Crystal Palace,A,A,0.31202161188653765,0.27735254389914454,0.4106258442143179,1
2025_2026,2025-09-20,Wolves,Leeds,A,A,0.3277244382856577,0.30644363060477087,0.3658319311095714,1
2025_2026,2025-09-20,Man United,Chelsea,H,A,0.35957323877891834,0.262230207286283,0.37819655393479856,0
2025_2026,2025-09-20,Fulham,Brentford,H,H,0.4471160781395914,0.28811127223584615,0.26477264962456254,1
2025_2026,2025-09-21,Bournemouth,Newcastle,D,H,0.39817100538599637,0.28803859964093353,0.31379039497307,0
2025_2026,2025-09-21,Sunderland,Aston Villa,D,A,0.2495431232682898,0.28562164711430765,0.4648352296174026,0
2025_2026,2025-09-21,Arsenal,Man City,D,H,0.4640503140948692,0.26721998424002297,0.26872970166510785,0
2025_2026,2025-09-27,Brentford,Man United,H,A,0.28764100049043656,0.25380088278567925,0.45855811672388436,0
2025_2026,2025-09-27,Chelsea,Brighton,A,H,0.4801639820523581,0.25352658252364507,0.26630943542399693,0
2025_2026,2025-09-27,Crystal Palace,Liverpool,H,A,0.2366725228990056,0.255810462756068,0.5075170143449264,0
2025_2026,2025-09-27,Leeds,Bournemouth,D,A,0.3205476799444897,0.29375267264262833,0.3856996474128819,0
2025_2026,2025-09-27,Man City,Burnley,H,H,0.7977688578428818,0.13523432205598707,0.06699682010113121,1
2025_2026,2025-09-27,Nott'm Forest,Sunderland,A,H,0.5422306585851556,0.257155461388624,0.20061388002622035,0
2025_2026,2025-09-27,Tottenham,Wolves,D,H,0.6206529547294651,0.22238852944638915,0.15695851582414572,0
2025_2026,2025-09-28,Aston Villa,Fulham,H,H,0.4222799747137739,0.29324998244012074,0.2844700428461052,1
2025_2026,2025-09-28,Newcastle,Arsenal,A,A,0.2792199235735934,0.291210963236263,0.4295691131901436,1
2025_2026,2025-09-29,Everton,West Ham,D,H,0.5750905544719978,0.24519364725550288,0.17971579827249928,0
2025_2026,2025-10-03,Bournemouth,Fulham,H,H,0.48666598259872695,0.2766759959380517,0.23665802146322132,1
2025_2026,2025-10-04,Leeds,Tottenham,A,A,0.34490764106187544,0.2831331381851216,0.371959220753003,1
2025_2026,2025-10-04,Arsenal,West Ham,H,H,0.8046708904942724,0.13042742455813755,0.06490168494758997,1
2025_2026,2025-10-04,Man United,Sunderland,H,H,0.5892047570030005,0.22479138833526796,0.18600385466173155,1
2025_2026,2025-10-04,Chelsea,Liverpool,H,A,0.32993655066333394,0.26014228033070563,0.40992116900596043,0
2025_2026,2025-10-05,Aston Villa,Burnley,H,H,0.6114073216682469,0.23399539471253894,0.15459728361921415,1
2025_2026,2025-10-05,Everton,Crystal Palace,H,H,0.3578387228817028,0.30589439214081043,0.3362668849774867,1
2025_2026,2025-10-05,Newcastle,Nott'm Forest,H,H,0.628613001642807,0.21475240553860597,0.1566345928185872,1
2025_2026,2025-10-05,Wolves,Brighton,D,A,0.27445146338728366,0.2690090830934848,0.45653945351923136,0
2025_2026,2025-10-05,Brentford,Man City,A,A,0.18838467016825422,0.22669255764266003,0.5849227721890856,1
2025_2026,2025-10-18,Nott'm Forest,Chelsea,A,A,0.3079323395992106,0.27561291037013885,0.4164547500306504,1
2025_2026,2025-10-18,Brighton,Newcastle,H,A,0.33187160147342576,0.2759165058761621,0.39221189265041223,0
2025_2026,2025-10-18,Burnley,Leeds,H,A,0.2724954209269435,0.2944981567781874,0.4330064222948692,0
2025_2026,2025-10-18,Crystal Palace,Bournemouth,D,H,0.44493790419504375,0.2795627539632576,0.2754993418416986,0
2025_2026,2025-10-18,Man City,Everton,H,H,0.6577212977460583,0.21235844590904124,0.1299202563449004,1
2025_2026,2025-10-18,Sunderland,Wolves,H,H,0.38019579325601005,0.31243812713117664,0.30736607961281337,1
2025_2026,2025-10-18,Fulham,Arsenal,A,A,0.14019443873033477,0.22706132780008764,0.6327442334695775,1
2025_2026,2025-10-19,Tottenham,Aston Villa,A,H,0.4229249011857707,0.28194993412384717,0.295125164690382,0
2025_2026,2025-10-19,Liverpool,Man United,A,H,0.5696690882091748,0.22124357611844692,0.20908733567237842,0
2025_2026,2025-10-20,West Ham,Brentford,A,A,0.3441268523379853,0.287644025510474,0.3682291221515407,1
2025_2026,2025-10-24,Leeds,West Ham,H,H,0.5307004642478034,0.26097632719878244,0.2083232085534141,1
2025_2026,2025-10-25,Chelsea,Sunderland,A,H,0.6585081585081585,0.2097902097902098,0.1317016317016317,0
2025_2026,2025-10-25,Newcastle,Fulham,H,H,0.5932253609807459,0.23788485653363242,0.16888978248562161,1
2025_2026,2025-10-25,Man United,Brighton,H,H,0.4760860026327337,0.24608081694523118,0.2778331804220352,1
2025_2026,2025-10-25,Brentford,Liverpool,H,A,0.2420485675813716,0.23661605608952038,0.521335376329108,0
2025_2026,2025-10-26,Arsenal,Crystal Palace,H,H,0.6887758468028959,0.19358669421344116,0.1176374589836629,1
2025_2026,2025-10-26,Aston Villa,Man City,H,A,0.22783389450056118,0.2514029180695848,0.5207631874298542,0
2025_2026,2025-10-26,Bournemouth,Nott'm Forest,H,H,0.48693867551032727,0.2644931524359716,0.24856817205370105,1
2025_2026,2025-10-26,Wolves,Burnley,A,H,0.49401879216855005,0.28742911544352,0.21855209238792997,0
2025_2026,2025-10-26,Everton,Tottenham,A,H,0.4307869219293884,0.28375186474390857,0.28546121332670316,0
2025_2026,2025-11-01,Brighton,Leeds,H,H,0.4921141853315767,0.26309705753184015,0.24478875713658324,1
2025_2026,2025-11-01,Burnley,Arsenal,A,A,0.06954368506235178,0.1643541069120632,0.766102208025585,1
2025_2026,2025-11-01,Crystal Palace,Brentford,H,H,0.4602345153523321,0.27640906752938893,0.26335641711827895,1
2025_2026,2025-11-01,Fulham,Wolves,H,H,0.5295914508199105,0.25690208589908947,0.21350646328099998,1
2025_2026,2025-11-01,Nott'm Forest,Man United,D,A,0.2904208226250184,0.2616187575712976,0.44796041980368406,0
2025_2026,2025-11-01,Tottenham,Chelsea,A,A,0.31394549491533463,0.27561494030357864,0.4104395647810868,1
2025_2026,2025-11-01,Liverpool,Aston Villa,H,H,0.5750983308924446,0.22170846868517136,0.20319320042238403,1
2025_2026,2025-11-02,West Ham,Newcastle,H,A,0.18990747573366634,0.2322642901742635,0.5778282340920702,0
2025_2026,2025-11-02,Man City,Bournemouth,H,H,0.6742640884448245,0.1871481032888194,0.13858780826635603,1
2025_2026,2025-11-03,Sunderland,Everton,D,A,0.2927715611844709,0.306983772892455,0.4002446659230741,0
2025_2026,2025-11-08,Tottenham,Man United,D,A,0.3274155949190441,0.27363262975943164,0.39895177532152426,0
2025_2026,2025-11-08,Everton,Fulham,H,H,0.41071195141950584,0.2955590678439434,0.2937289807365506,1
2025_2026,2025-11-08,West Ham,Burnley,H,H,0.509635104676427,0.26627002660060517,0.2240948687229679,1
2025_2026,2025-11-08,Sunderland,Arsenal,D,A,0.12897553436987688,0.22349661156765896,0.647527854062464,0
2025_2026,2025-11-08,Chelsea,Wolves,H,H,0.6972750171742614,0.1859400045798031,0.11678497824593544,1
2025_2026,2025-11-09,Aston Villa,Bournemouth,H,H,0.4124684144030323,0.2815066329753632,0.30602495262160456,1
2025_2026,2025-11-09,Brentford,Newcastle,H,A,0.33522994205773343,0.2806806911311792,0.3840893668110873,0
2025_2026,2025-11-09,Crystal Palace,Brighton,D,H,0.3994548722282395,0.2804432436292655,0.3201018841424949,0
2025_2026,2025-11-09,Nott'm Forest,Leeds,H,H,0.4246825942835699,0.30160579148164357,0.2737116142347864,1
2025_2026,2025-11-09,Man City,Liverpool,H,H,0.502035615501756,0.24082419119246665,0.2571401933057775,1
2025_2026,2025-11-22,Burnley,Chelsea,A,A,0.17317406360199514,0.2283889824316168,0.5984369539663882,1
2025_2026,2025-11-22,Bournemouth,West Ham,D,H,0.568818944132639,0.2392764827963494,0.19190457307101152,0
2025_2026,2025-11-22,Brighton,Brentford,H,H,0.45133432648462257,0.27552386209817076,0.2731418114172068,1
2025_2026,2025-11-22,Fulham,Sunderland,H,H,0.4679916341142231,0.28388681709030955,0.24812154879546738,1
2025_2026,2025-11-22,Liverpool,Nott'm Forest,A,H,0.6512188300092515,0.2052755007637858,0.1435056692269627,0
2025_2026,2025-11-22,Wolves,Crystal Palace,A,A,0.21453645642213007,0.2603826032739825,0.5250809403038874,1
2025_2026,2025-11-22,Newcastle,Man City,H,A,0.258134917085562,0.2560419312713547,0.48582315164308343,0
2025_2026,2025-11-23,Leeds,Aston Villa,A,A,0.2946150457791901,0.28747286285120977,0.4179120913696001,1
2025_2026,2025-11-23,Arsenal,Tottenham,H,H,0.6458897922312556,0.22131887985546522,0.13279132791327913,1
2025_2026,2025-11-24,Man United,Everton,A,H,0.5105081030616075,0.25732928772211117,0.2321626092162812,0
2025_2026,2025-11-29,Brentford,Burnley,H,H,0.6396509170972496,0.2171292103908095,0.1432198725119409,1
2025_2026,2025-11-29,Man City,Leeds,H,H,0.7746253396282522,0.14362354321374887,0.08175111715799893,1
2025_2026,2025-11-29,Sunderland,Bournemouth,H,A,0.30150154921744654,0.2868832922856916,0.41161515849686187,0
2025_2026,2025-11-29,Everton,Newcastle,A,A,0.3541776355757158,0.2876351707099753,0.35818719371430885,1
2025_2026,2025-11-29,Tottenham,Fulham,A,H,0.40514628072213427,0.2829977005641176,0.3118560187137481,0
2025_2026,2025-11-30,Crystal Palace,Man United,A,H,0.4579124579124579,0.26329966329966326,0.27878787878787875,0
2025_2026,2025-11-30,Aston Villa,Wolves,H,H,0.6488799706892291,0.21241362269198982,0.13870640661878106,1
2025_2026,2025-11-30,Nott'm Forest,Brighton,A,A,0.3331423799515086,0.2885883838485713,0.37826923619992014,1
2025_2026,2025-11-30,West Ham,Liverpool,A,A,0.18733479274659284,0.2115339419209857,0.6011312653324213,1
2025_2026,2025-11-30,Chelsea,Arsenal,D,A,0.31425037835023023,0.30124001236757736,0.38450960928219224,0
2025_2026,2025-12-02,Bournemouth,Everton,A,H,0.4370751833976091,0.27895680822729757,0.28396800837509334,0
2025_2026,2025-12-02,Fulham,Man City,A,A,0.1847343596353313,0.23272907071705953,0.5825365696476091,1
2025_2026,2025-12-02,Newcastle,Tottenham,D,H,0.5171276735204251,0.25035546099004713,0.23251686548952774,0
2025_2026,2025-12-03,Arsenal,Brentford,H,H,0.6630700522254421,0.2093135043448967,0.12761644342966114,1
2025_2026,2025-12-03,Brighton,Aston Villa,A,H,0.42235545738227975,0.27786543248834195,0.29977911012937836,0
2025_2026,2025-12-03,Burnley,Crystal Palace,A,A,0.19001125637532573,0.2619215937328386,0.5480671498918356,1
2025_2026,2025-12-03,Wolves,Nott'm Forest,A,A,0.3060191644246875,0.2937026036274091,0.40027823194790346,1
2025_2026,2025-12-03,Leeds,Chelsea,H,A,0.2402378274144303,0.27435856232256683,0.4854036102630029,0
2025_2026,2025-12-03,Liverpool,Sunderland,D,H,0.7011070110701108,0.18028465998945706,0.11860832894043227,0
2025_2026,2025-12-04,Man United,West Ham,D,H,0.6791149444874097,0.18901807600047188,0.1318669795121184,0
2025_2026,2025-12-06,Aston Villa,Arsenal,H,A,0.22703480764197853,0.2734886155456686,0.4994765768123527,0
2025_2026,2025-12-06,Bournemouth,Chelsea,D,A,0.28470640519971113,0.2528192878173435,0.4624743069829454,0
2025_2026,2025-12-06,Everton,Nott'm Forest,H,H,0.45593686476144923,0.2891306947267727,0.2549324405117781,1
2025_2026,2025-12-06,Man City,Sunderland,H,H,0.75740290040239,0.15319637953122778,0.08940072006638221,1
2025_2026,2025-12-06,Newcastle,Burnley,H,H,0.7289036268279823,0.17135166634292534,0.09974470682909232,1
2025_2026,2025-12-06,Tottenham,Brentford,H,H,0.39110305958132047,0.2825281803542673,0.3263687600644123,1
2025_2026,2025-12-06,Leeds,Liverpool,D,A,0.21579532814238042,0.24471635150166857,0.5394883203559512,0
2025_2026,2025-12-07,Brighton,West Ham,D,H,0.5926150645748461,0.22362832625465892,0.1837566091704949,0
2025_2026,2025-12-07,Fulham,Crystal Palace,A,H,0.38114343029087255,0.2858575727181545,0.3329989969909729,0
2025_2026,2025-12-08,Wolves,Man United,A,A,0.18848561826295146,0.23226589634358813,0.5792484853934605,1
2025_2026,2025-12-13,Chelsea,Everton,H,H,0.5543842445043718,0.24687423388085314,0.19874152161477485,1
2025_2026,2025-12-13,Liverpool,Brighton,H,H,0.5448536414214826,0.23820234574708035,0.21694401283143702,1
2025_2026,2025-12-13,Burnley,Fulham,A,A,0.244643610367043,0.27836281766103416,0.4769935719719229,1
2025_2026,2025-12-13,Arsenal,Wolves,H,H,0.8503080326592558,0.10700505579532209,0.042686911545422083,1
2025_2026,2025-12-14,Crystal Palace,Man City,A,A,0.23570259903061522,0.2533960917192405,0.5109013092501442,1
2025_2026,2025-12-14,Nott'm Forest,Tottenham,H,H,0.36206812730926297,0.2865916898943411,0.3513401827963959,1
2025_2026,2025-12-14,Sunderland,Newcastle,H,A,0.2780392774667532,0.28301908542138166,0.438941637111865,0
2025_2026,2025-12-14,West Ham,Aston Villa,A,A,0.28684651964480834,0.2776204619954139,0.43553301835977776,1
2025_2026,2025-12-14,Brentford,Leeds,D,H,0.442559116258788,0.29140815655194047,0.26603272718927146,0
2025_2026,2025-12-15,Man United,Bournemouth,D,H,0.5404467878451505,0.22755654225058972,0.23199666990425974,0
2025_2026,2025-12-20,Newcastle,Chelsea,D,A,0.3392078915785151,0.2680991551002995,0.39269295332118553,0
2025_2026,2025-12-20,Bournemouth,Burnley,D,H,0.6470882393053599,0.20589171250625088,0.14702004818838935,0
2025_2026,2025-12-20,Brighton,Sunderland,D,H,0.5181504765767593,0.25978503346177245,0.22206448996146827,0
2025_2026,2025-12-20,Man City,West Ham,H,H,0.7929434797412326,0.12789410963568268,0.0791624106230848,1
2025_2026,2025-12-20,Wolves,Brentford,A,A,0.2773513908719602,0.2814663966712474,0.4411822124567925,1
2025_2026,2025-12-20,Tottenham,Liverpool,A,A,0.2674835492342648,0.2637581516126177,0.4687582991531175,1
2025_2026,2025-12-20,Everton,Arsenal,A,A,0.15100838122371718,0.23515235484091287,0.6138392639353699,1
2025_2026,2025-12-20,Leeds,Crystal Palace,H,A,0.3345884442105955,0.30943963958038734,0.355971916209017,0
2025_2026,2025-12-21,Aston Villa,Man United,H,H,0.47234669359866704,0.2586966904995424,0.26895661590179054,1
2025_2026,2025-12-22,Fulham,Nott'm Forest,H,H,0.37132777811568646,0.284350100358859,0.34432212152545466,1
2025_2026,2025-12-26,Man United,Newcastle,H,H,0.3835616438356165,0.2602739726027397,0.35616438356164387,1
2025_2026,2025-12-27,Nott'm Forest,Man City,A,A,0.18335272458491317,0.22786865050576946,0.5887786249093173,1
2025_2026,2025-12-27,Arsenal,Brighton,H,H,0.7188979223394241,0.1741183958693651,0.1069836817912108,1
2025_2026,2025-12-27,Brentford,Bournemouth,H,H,0.41544447770128706,0.2729721640227477,0.3115833582759653,1
2025_2026,2025-12-27,Burnley,Everton,D,A,0.2590979496066373,0.3059027405033202,0.4349993098900425,0
2025_2026,2025-12-27,Liverpool,Wolves,H,H,0.7672459816272574,0.147960344823919,0.08479367354882346,1
2025_2026,2025-12-27,West Ham,Fulham,A,A,0.3182932535603876,0.2848390076906772,0.39686773874893516,1
2025_2026,2025-12-27,Chelsea,Aston Villa,A,H,0.5354241159632603,0.2405331688464393,0.22404271519030042,0
2025_2026,2025-12-28,Sunderland,Leeds,D,A,0.3337809401380485,0.3057864096748573,0.3604326501870942,0
2025_2026,2025-12-28,Crystal Palace,Tottenham,A,H,0.4251140553715393,0.28047465783388537,0.2944112867945753,0
2025_2026,2025-12-30,Burnley,Newcastle,A,A,0.1653937210499228,0.2292228512609367,0.6053834276891404,1
2025_2026,2025-12-30,Chelsea,Bournemouth,D,H,0.6069048825156841,0.21275766667965557,0.18033745080466043,0
2025_2026,2025-12-30,Nott'm Forest,Everton,A,H,0.49833340801687614,0.28095948819942573,0.22070710378369807,0
2025_2026,2025-12-30,West Ham,Brighton,D,A,0.2852461993658673,0.2637931425890472,0.4509606580450854,0
2025_2026,2025-12-30,Arsenal,Aston Villa,H,H,0.6901729463832615,0.1879795102475285,0.12184754336920986,1
2025_2026,2025-12-30,Man United,Wolves,D,H,0.6889995359512373,0.18728757227245935,0.12371289177630343,0
2025_2026,2026-01-01,Crystal Palace,Fulham,D,H,0.426699484294421,0.28968588842006565,0.28361462728551345,0
2025_2026,2026-01-01,Liverpool,Leeds,D,H,0.6449961052008046,0.21306612913374892,0.14193776566544652,0
2025_2026,2026-01-01,Brentford,Tottenham,D,H,0.3951593577761802,0.27893601725377426,0.3259046249700455,0
2025_2026,2026-01-01,Sunderland,Man City,D,A,0.13106422421919184,0.2016158172563313,0.6673199585244769,0
2025_2026,2026-01-03,Aston Villa,Nott'm Forest,H,H,0.49882149046793756,0.27001733102253034,0.23116117850953208,1
2025_2026,2026-01-03,Brighton,Burnley,H,H,0.6541717174856765,0.21032128389229066,0.13550699862203297,1
2025_2026,2026-01-03,Wolves,West Ham,H,H,0.3608206635392528,0.28242807890126037,0.3567512575594868,1
2025_2026,2026-01-03,Bournemouth,Arsenal,A,A,0.15914665626196994,0.21375228098391,0.62710106275412,1
2025_2026,2026-01-04,Leeds,Man United,D,A,0.3470623347829795,0.2871152042295558,0.36582246098746485,0
2025_2026,2026-01-04,Everton,Brentford,A,H,0.3852441089032718,0.29990522401963565,0.31485066707709264,0
2025_2026,2026-01-04,Newcastle,Crystal Palace,H,H,0.5648638659603302,0.24146852285327092,0.1936676111863989,1
2025_2026,2026-01-04,Tottenham,Sunderland,D,H,0.48080272025795057,0.2794045306513754,0.23979274909067405,0
2025_2026,2026-01-04,Fulham,Liverpool,D,A,0.23297438133129195,0.26266086759511315,0.5043647510735949,0
2025_2026,2026-01-04,Man City,Chelsea,D,H,0.6451612903225806,0.19354838709677416,0.16129032258064516,0
2025_2026,2026-01-06,West Ham,Nott'm Forest,A,A,0.3243473700644924,0.2793788556307722,0.3962737743047354,1
2025_2026,2026-01-07,Bournemouth,Tottenham,H,H,0.4358730342946672,0.26947136308245806,0.2946556026228747,1
2025_2026,2026-01-07,Brentford,Sunderland,H,H,0.47212545436860326,0.2947118519505877,0.23316269368080894,1
2025_2026,2026-01-07,Crystal Palace,Aston Villa,D,A,0.3170375585539817,0.28466735738030186,0.3982950840657165,0
2025_2026,2026-01-07,Everton,Wolves,D,H,0.5155239284558003,0.27415145328285334,0.21032461826134646,0
2025_2026,2026-01-07,Fulham,Chelsea,H,A,0.262462724615142,0.2661489988372648,0.47138827654759335,0
2025_2026,2026-01-07,Man City,Brighton,D,H,0.6314157036029912,0.20500509857239976,0.1635791978246091,0
2025_2026,2026-01-07,Burnley,Man United,D,A,0.19734400937408456,0.2519285226052143,0.550727468020701,0
2025_2026,2026-01-07,Newcastle,Leeds,H,H,0.588859559048853,0.2406253528093029,0.17051508814184416,1
2025_2026,2026-01-08,Arsenal,Liverpool,D,H,0.6041274157771226,0.22800001028126984,0.16787257394160754,0
2025_2026,2026-01-17,Man United,Man City,H,A,0.3145666155011949,0.2608389842034702,0.42459440029533485,0
2025_2026,2026-01-17,Chelsea,Brentford,H,H,0.5088162762022194,0.25036991368680644,0.24081381011097408,1
2025_2026,2026-01-17,Leeds,Fulham,H,H,0.4103779567505866,0.2838242754772021,0.3057977677722113,1
2025_2026,2026-01-17,Liverpool,Burnley,D,H,0.7715665219709085,0.14875028558373316,0.0796831924453583,0
2025_2026,2026-01-17,Sunderland,Crystal Palace,H,H,0.3974659254451562,0.3022264864407258,0.300307588114118,1
2025_2026,2026-01-17,Tottenham,West Ham,A,H,0.5154255961566848,0.2549416927226613,0.22963271112065378,0
2025_2026,2026-01-17,Nott'm Forest,Arsenal,D,A,0.16353566646330353,0.2446696405226169,0.5917946930140796,0
2025_2026,2026-01-18,Wolves,Newcastle,D,A,0.21066236659732393,0.23818609288642154,0.5511515405162546,0
2025_2026,2026-01-18,Aston Villa,Everton,A,H,0.5940402092511589,0.24123460274158737,0.16472518800725378,0
2025_2026,2026-01-19,Brighton,Bournemouth,D,H,0.4832638312698224,0.24992008160655724,0.26681608712362026,0
2025_2026,2026-01-24,West Ham,Sunderland,H,H,0.42745215029282924,0.2845389313696243,0.2880089183375465,1
2025_2026,2026-01-24,Burnley,Tottenham,D,A,0.2456049581136271,0.28395768430554486,0.4704373575808281,0
2025_2026,2026-01-24,Fulham,Brighton,H,H,0.3683653705301193,0.28862774459219714,0.3430068848776836,1
2025_2026,2026-01-24,Man City,Wolves,H,H,0.7311288514640348,0.16882193728299208,0.1000492112529732,1
2025_2026,2026-01-24,Bournemouth,Liverpool,H,A,0.22541205231008477,0.23843837694106954,0.5361495707488457,0
2025_2026,2026-01-25,Brentford,Nott'm Forest,A,H,0.5139259517519745,0.27017821463532377,0.21589583361270168,0
2025_2026,2026-01-25,Crystal Palace,Chelsea,A,A,0.27926930844448505,0.2720468263295414,0.4486838652259736,1
2025_2026,2026-01-25,Newcastle,Aston Villa,A,H,0.4408054760728253,0.26847925596503525,0.2907152679621394,0
2025_2026,2026-01-25,Arsenal,Man United,A,H,0.6145783849465699,0.21908581315224945,0.1663358019011806,0
2025_2026,2026-01-26,Everton,Leeds,D,H,0.3798155248233031,0.30805884586645765,0.31212562931023924,0
2025_2026,2026-01-31,Brighton,Everton,D,H,0.49540032402434026,0.2726843282093631,0.23191534776629655,0
2025_2026,2026-01-31,Leeds,Arsenal,A,A,0.1610297803426603,0.2369034613061193,0.6020667583512204,1
2025_2026,2026-01-31,Wolves,Bournemouth,A,A,0.3223023820633383,0.2778794730985966,0.39981814483806516,1
2025_2026,2026-01-31,Chelsea,West Ham,H,H,0.5961201949310403,0.21839426496321523,0.18548554010574445,1
2025_2026,2026-01-31,Liverpool,Newcastle,H,H,0.5774599503028776,0.22441571528358276,0.19812433441353958,1
2025_2026,2026-02-01,Aston Villa,Brentford,A,H,0.4119302640863216,0.2853733757224517,0.3026963601912267,0
2025_2026,2026-02-01,Man United,Fulham,H,H,0.6225979089485498,0.20439499386647852,0.1730070971849718,1
2025_2026,2026-02-01,Nott'm Forest,Crystal Palace,D,H,0.45261360938495115,0.29377715640203345,0.2536092342130155,0
2025_2026,2026-02-01,Tottenham,Man City,D,A,0.19011128255079257,0.23609830102317886,0.5737904164260286,0
2025_2026,2026-02-02,Sunderland,Burnley,H,H,0.4951518713673406,0.29279878461660086,0.21204934401605843,1
2025_2026,2026-02-06,Leeds,Nott'm Forest,H,H,0.44161290073923337,0.28043074408960217,0.2779563551711645,1
2025_2026,2026-02-07,Man United,Tottenham,H,H,0.5937446084834742,0.21553742636728862,0.1907179651492372,1
2025_2026,2026-02-07,Arsenal,Sunderland,H,H,0.7532048797879431,0.16797135372262095,0.07882376648943593,1
2025_2026,2026-02-07,Bournemouth,Aston Villa,D,A,0.33313270663889577,0.26427287342303457,0.4025944199380697,0
2025_2026,2026-02-07,Burnley,West Ham,A,A,0.3040616795101009,0.2641429673956463,0.4317953530942529,1
2025_2026,2026-02-07,Fulham,Everton,A,H,0.4442264735069523,0.277478706325457,0.2782948201675907,0
2025_2026,2026-02-07,Wolves,Chelsea,A,A,0.17768103728236745,0.22517572982562553,0.5971432328920069,1
2025_2026,2026-02-07,Newcastle,Brentford,A,H,0.4930473571474017,0.2558516015467598,0.25110104130583855,0
2025_2026,2026-02-08,Brighton,Crystal Palace,A,H,0.4318269466746135,0.2892052028187778,0.2789678505066087,0
2025_2026,2026-02-08,Liverpool,Man City,A,H,0.4397186324227057,0.24619663013250453,0.3140847374447898,0
2025_2026,2026-02-10,Chelsea,Leeds,D,H,0.6275114530537141,0.21535052138888822,0.15713802555739773,0
2025_2026,2026-02-10,Everton,Bournemouth,A,H,0.4075502366420729,0.27727758035472405,0.31517218300320304,0
2025_2026,2026-02-10,Tottenham,Newcastle,A,A,0.3157894736842105,0.2631578947368421,0.42105263157894735,1
2025_2026,2026-02-10,West Ham,Man United,D,A,0.21177113559572805,0.22810047617178414,0.5601283882324878,0
2025_2026,2026-02-11,Aston Villa,Brighton,H,H,0.45976334009788705,0.2566700489435359,0.28356661095857705,1
2025_2026,2026-02-11,Crystal Palace,Burnley,A,H,0.6494838818851003,0.21308909383196548,0.13742702428293427,0
2025_2026,2026-02-11,Man City,Fulham,H,H,0.6908046985042893,0.18095648890074115,0.1282388125949697,1
2025_2026,2026-02-11,Nott'm Forest,Wolves,D,H,0.5471330456414054,0.24974674642734335,0.20312020793125135,0
2025_2026,2026-02-11,Sunderland,Liverpool,A,A,0.2125517306990978,0.24695958266605358,0.5404886866348487,1
2025_2026,2026-02-12,Brentford,Arsenal,D,A,0.18617502851297485,0.25086714717398206,0.562957824313043,0
2025_2026,2026-02-18,Wolves,Arsenal,D,A,0.0766735451660902,0.15968267838131772,0.763643776452592,0
2025_2026,2026-02-21,Aston Villa,Leeds,D,H,0.518142254678721,0.2562551368248022,0.22560260849647665,0
2025_2026,2026-02-21,Brentford,Brighton,A,H,0.4197154350947561,0.2785721914345727,0.3017123734706713,0
2025_2026,2026-02-21,Chelsea,Burnley,D,H,0.7686612696415763,0.14983413021539446,0.08150460014302922,0
2025_2026,2026-02-21,West Ham,Bournemouth,D,A,0.3551000877262939,0.2609298987160061,0.38397001355769994,0
2025_2026,2026-02-21,Man City,Newcastle,H,H,0.6162825966525373,0.20498384424296054,0.17873355910450234,1
2025_2026,2026-02-22,Crystal Palace,Wolves,H,H,0.5331236103424506,0.25434738283184294,0.2125290068257066,1
2025_2026,2026-02-22,Nott'm Forest,Liverpool,A,A,0.24622319136410975,0.2494801118847991,0.5042966967510911,1
2025_2026,2026-02-22,Sunderland,Fulham,A,A,0.3317989320567114,0.29736696740931684,0.37083410053397164,1
2025_2026,2026-02-22,Tottenham,Arsenal,A,A,0.13122171945701355,0.21719457013574658,0.6515837104072397,1
2025_2026,2026-02-23,Everton,Man United,A,A,0.2672924937850173,0.2599087232384698,0.4727987829765129,1
2025_2026,2026-02-27,Wolves,Aston Villa,H,A,0.20518609138720378,0.2523679198880046,0.5424459887247916,0
2025_2026,2026-02-28,Bournemouth,Sunderland,D,H,0.5233749450432327,0.25599861442332034,0.22062644053344704,0
2025_2026,2026-02-28,Burnley,Brentford,A,A,0.2175286247474764,0.24909610327283577,0.5333752719796879,1
2025_2026,2026-02-28,Liverpool,West Ham,H,H,0.6693911502504476,0.18952641001066886,0.14108243973888354,1
2025_2026,2026-02-28,Newcastle,Everton,A,H,0.5298434186064781,0.25284752952266243,0.21730905187085964,0
2025_2026,2026-02-28,Leeds,Man City,A,A,0.19831692171945295,0.2419365004096651,0.559746577870882,1
2025_2026,2026-03-01,Brighton,Nott'm Forest,H,H,0.45104089006136383,0.2780753569994839,0.27088375293915234,1
2025_2026,2026-03-01,Fulham,Tottenham,H,H,0.4678538081899426,0.25821439686985903,0.2739317949401983,1
2025_2026,2026-03-01,Man United,Crystal Palace,H,H,0.6246455334194109,0.2168309782674277,0.1585234883131614,1
2025_2026,2026-03-01,Arsenal,Chelsea,H,H,0.628152311099469,0.2161074464791751,0.15574024242135595,1
2025_2026,2026-03-03,Bournemouth,Brentford,D,H,0.3779798870147041,0.2654353139148203,0.3565847990704756,0
2025_2026,2026-03-03,Everton,Burnley,H,H,0.5858562908264697,0.2495313831297927,0.16461232604373757,1
2025_2026,2026-03-03,Leeds,Sunderland,A,H,0.5216484381951012,0.26899819747382714,0.20935336433107166,0
2025_2026,2026-03-03,Wolves,Liverpool,H,A,0.13803456551277507,0.2007509073805752,0.6612145271066497,0
2025_2026,2026-03-04,Aston Villa,Chelsea,A,A,0.357399320718098,0.2711305191654536,0.3714701601164483,1
2025_2026,2026-03-04,Brighton,Arsenal,A,A,0.187903809470788,0.24613441709324577,0.5659617734359663,1
2025_2026,2026-03-04,Fulham,West Ham,A,H,0.4292479184818495,0.26904427939033304,0.30170780212781756,0
2025_2026,2026-03-04,Man City,Nott'm Forest,D,H,0.6801798555168075,0.1957453414427251,0.12407480304046749,0
2025_2026,2026-03-04,Newcastle,Man United,H,A,0.3672345496119288,0.2597017809410325,0.3730636694470388,0
2025_2026,2026-03-05,Tottenham,Crystal Palace,A,H,0.3866637475623452,0.27995832167718754,0.3333779307604672,0
2025_2026,2026-03-14,Burnley,Bournemouth,D,A,0.24088830213588575,0.24027535480220666,0.5188363430619077,0
2025_2026,2026-03-14,Sunderland,Brighton,A,A,0.25886828411265045,0.2723354202803606,0.46879629560698893,1
2025_2026,2026-03-14,Arsenal,Everton,H,H,0.687617304440894,0.20258832410409133,0.10979437145501454,1
2025_2026,2026-03-14,Chelsea,Newcastle,A,H,0.5581577610012063,0.2224732585122732,0.2193689804865206,0
2025_2026,2026-03-14,West Ham,Man City,D,A,0.19580314576372987,0.22639738728931263,0.5777994669469575,0
2025_2026,2026-03-15,Crystal Palace,Leeds,D,H,0.355571106445844,0.2928232641318716,0.35160562942228446,0
2025_2026,2026-03-15,Man United,Aston Villa,H,H,0.5576890149940074,0.2356236088349681,0.20668737617102467,1
2025_2026,2026-03-15,Nott'm Forest,Fulham,D,H,0.4126310842404184,0.2854758860756973,0.3018930296838844,0
2025_2026,2026-03-15,Liverpool,Tottenham,D,H,0.7250411471433839,0.16057129323448024,0.11438755962213581,0
2025_2026,2026-03-16,Brentford,Wolves,D,H,0.6167702651274896,0.21996701763288087,0.16326271723962957,0
2025_2026,2026-03-20,Bournemouth,Man United,D,A,0.307391934324664,0.2536809780582576,0.4389270876170783,0
2025_2026,2026-03-21,Brighton,Liverpool,H,A,0.30909650932030586,0.26042661696876596,0.4304768737109282,0
2025_2026,2026-03-21,Fulham,Burnley,H,H,0.6207058363476391,0.21992374621175087,0.15937041744061,1
2025_2026,2026-03-21,Everton,Chelsea,H,A,0.2996446574663251,0.2751838691017271,0.4251714734319478,0
2025_2026,2026-03-21,Leeds,Brentford,D,H,0.40229149587090846,0.27723900741836793,0.32046949671072367,0
2025_2026,2026-03-22,Newcastle,Sunderland,A,H,0.6147334171857232,0.22393860197479912,0.1613279808394779,0
2025_2026,2026-03-22,Aston Villa,West Ham,H,H,0.5444594240465763,0.24852633340384617,0.20701424254957734,1
2025_2026,2026-03-22,Tottenham,Nott'm Forest,A,H,0.39834848833408,0.2869562058819969,0.31469530578392324,0
2025_2026,2026-04-10,West Ham,Wolves,H,H,0.5326595910722648,0.25208756048072417,0.2152528484470111,1
2025_2026,2026-04-11,Arsenal,Bournemouth,A,H,0.6416234364802217,0.2110036804532273,0.1473728830665509,0
2025_2026,2026-04-11,Brentford,Everton,D,H,0.43827071562905184,0.2821203708390604,0.27960891353188766,0
2025_2026,2026-04-11,Burnley,Brighton,A,A,0.17831937108796894,0.22840423076400865,0.5932763981480225,1
2025_2026,2026-04-11,Liverpool,Fulham,H,H,0.552000297995977,0.23249273634805934,0.21550696565596367,1
2025_2026,2026-04-12,Crystal Palace,Newcastle,H,A,0.3242229367631297,0.2859056806002144,0.38987138263665594,0
2025_2026,2026-04-12,Nott'm Forest,Aston Villa,D,H,0.40099695822712705,0.28383820838365925,0.3151648333892136,0
2025_2026,2026-04-12,Sunderland,Tottenham,H,A,0.34272723180119746,0.2847431684148921,0.3725295997839103,0
2025_2026,2026-04-12,Chelsea,Man City,A,A,0.2711190946649901,0.24254356026585233,0.4863373450691576,1
2025_2026,2026-04-13,Man United,Leeds,A,H,0.5824342368431432,0.23182886085648452,0.18573690230037243,0
2025_2026,2026-04-18,Brentford,Fulham,D,H,0.4808883319003832,0.2513443014732669,0.26776736662634976,0
2025_2026,2026-04-18,Leeds,Wolves,H,H,0.6185547677949353,0.23026491355869855,0.15118031864636597,1
2025_2026,2026-04-18,Newcastle,Bournemouth,A,H,0.4326923822746911,0.2570216330678002,0.3102859846575088,0
2025_2026,2026-04-18,Tottenham,Brighton,D,A,0.3220562986159827,0.2509640837619227,0.4269796176220947,0
2025_2026,2026-04-18,Chelsea,Man United,A,H,0.4497795700762106,0.255972113051502,0.2942483168722873,0
2025_2026,2026-04-19,Aston Villa,Sunderland,H,H,0.5455256833044548,0.257857768337898,0.19661654835764725,1
2025_2026,2026-04-19,Everton,Liverpool,A,A,0.2950259460827743,0.2835084166561195,0.42146563726110614,1
2025_2026,2026-04-19,Nott'm Forest,Burnley,H,H,0.6468203535286083,0.2151156528819518,0.1380639935894398,1
2025_2026,2026-04-19,Man City,Arsenal,H,H,0.5132011300736444,0.26303344828287073,0.2237654216434848,1
2025_2026,2026-04-20,Crystal Palace,West Ham,D,H,0.37363253856942497,0.28387096774193543,0.34249649368863955,0
2025_2026,2026-04-21,Brighton,Chelsea,H,H,0.4128481455563331,0.27442967109867034,0.3127221833449965,1
2025_2026,2026-04-22,Bournemouth,Leeds,D,H,0.5156364524798436,0.2496335206450037,0.23473002687515274,0
2025_2026,2026-04-22,Burnley,Man City,A,A,0.05998840803709428,0.11686630602782071,0.823145285935085,1
2025_2026,2026-04-24,Sunderland,Nott'm Forest,A,H,0.3539400481607573,0.3037033961637466,0.34235655567549617,0
2025_2026,2026-04-25,Fulham,Aston Villa,H,H,0.3869209809264305,0.26485013623978204,0.3482288828337875,1
2025_2026,2026-04-25,Liverpool,Crystal Palace,H,H,0.6037176002651641,0.2155147497514087,0.18076764998342726,1
2025_2026,2026-04-25,West Ham,Everton,H,H,0.3884804121358353,0.278142780286604,0.3333768075775608,1
2025_2026,2026-04-25,Wolves,Tottenham,A,A,0.20304622784359136,0.22495769127995013,0.5719960808764586,1
2025_2026,2026-04-25,Arsenal,Newcastle,H,H,0.682507325773984,0.1934004331762008,0.12409224104981527,1
2025_2026,2026-04-27,Man United,Brentford,H,H,0.48060518679393344,0.25254320807402403,0.26685160513204237,1
2025_2026,2026-05-01,Leeds,Burnley,H,H,0.6968094085870238,0.19222328512745487,0.11096730628552136,1
2025_2026,2026-05-02,Brentford,West Ham,H,H,0.5072694324171035,0.2444355296103142,0.2482950379725823,1
2025_2026,2026-05-02,Newcastle,Brighton,H,A,0.35458607601018594,0.2619997117186374,0.38341421227117667,0
2025_2026,2026-05-02,Wolves,Sunderland,D,A,0.25666369602203676,0.26760106943206674,0.4757352345458964,0
2025_2026,2026-05-02,Arsenal,Fulham,H,H,0.6516326307742711,0.21377088566124278,0.1345964835644862,1
2025_2026,2026-05-03,Bournemouth,Crystal Palace,H,H,0.6024680335448486,0.2221867925129938,0.17534517394215743,1
2025_2026,2026-05-03,Man United,Liverpool,H,H,0.40143111570949613,0.2542757741017024,0.34429311018880143,1
2025_2026,2026-05-03,Aston Villa,Tottenham,A,H,0.4198272237603027,0.2656533845262932,0.31451939171340404,0
2025_2026,2026-05-04,Chelsea,Nott'm Forest,A,H,0.6696616992474981,0.19753619161903185,0.13280210913347007,0
2025_2026,2026-05-04,Everton,Man City,D,A,0.14090408359493894,0.20447902803690707,0.6546168883681539,0
2025_2026,2026-05-09,Liverpool,Chelsea,D,H,0.473678968627234,0.2554528855198363,0.2708681458529298,0
2025_2026,2026-05-09,Brighton,Wolves,H,H,0.7455227750782008,0.1591283906469437,0.09534883427485549,1
2025_2026,2026-05-09,Fulham,Bournemouth,A,A,0.3577391465274118,0.2613483209353036,0.3809125325372846,1
2025_2026,2026-05-09,Sunderland,Man United,D,A,0.29346570691928087,0.2683831678663509,0.4381511252143682,0
2025_2026,2026-05-09,Man City,Brentford,H,H,0.702427426996296,0.1689861314497373,0.12858644155396676,1
2025_2026,2026-05-10,Burnley,Aston Villa,D,A,0.1488499940838635,0.21350881504336983,0.6376411908727666,0
2025_2026,2026-05-10,Crystal Palace,Everton,D,A,0.33899766746607973,0.2899733894017544,0.37102894313216594,0
2025_2026,2026-05-10,Nott'm Forest,Newcastle,D,A,0.2880589515993971,0.2738234801540781,0.4381175682465249,0
2025_2026,2026-05-10,West Ham,Arsenal,A,A,0.1614484679665738,0.22735376044568245,0.6111977715877437,1
2025_2026,2026-05-11,Tottenham,Leeds,D,H,0.5204540334809346,0.2525527615550916,0.22699320496397385,0
2025_2026,2026-05-13,Man City,Crystal Palace,H,H,0.7243891537544696,0.16521156138259832,0.11039928486293209,1
2025_2026,2026-05-15,Aston Villa,Liverpool,H,A,0.3501859466898212,0.2744147184586903,0.3753993348514884,0
2025_2026,2026-05-17,Man United,Nott'm Forest,H,H,0.6032714166897698,0.21291932353756585,0.18380925977266427,1
2025_2026,2026-05-17,Brentford,Crystal Palace,D,H,0.5461352334863872,0.24085964143502203,0.21300512507859085,0
2025_2026,2026-05-17,Everton,Sunderland,A,H,0.5103376386693267,0.26229643998646957,0.22736592134420366,0
2025_2026,2026-05-17,Leeds,Brighton,H,A,0.27270212962109336,0.2687839955748133,0.45851387480409334,0
2025_2026,2026-05-17,Wolves,Fulham,D,A,0.2325359551305038,0.2581597518390993,0.5093042930303969,0
2025_2026,2026-05-17,Newcastle,West Ham,H,H,0.4568606178267573,0.2458173927939245,0.2973219893793182,1
2025_2026,2026-05-18,Arsenal,Burnley,H,H,0.8651620472951134,0.09327662033152063,0.04156133237336595,1
2025_2026,2026-05-19,Bournemouth,Man City,D,A,0.2030878092070078,0.22128907512650375,0.5756231156664884,0
2025_2026,2026-05-19,Chelsea,Tottenham,H,H,0.42707135617190223,0.28514825305380054,0.2877803907742972,1
2025_2026,2026-05-24,Brighton,Man United,A,H,0.5014668023708316,0.2298389510866312,0.2686942465425373,0
2025_2026,2026-05-24,Burnley,Wolves,D,H,0.3927192768140728,0.2744441729782556,0.33283655020767167,0
2025_2026,2026-05-24,Crystal Palace,Arsenal,A,A,0.23701692082724046,0.2570921245038646,0.5058909546688949,1
2025_2026,2026-05-24,Fulham,Newcastle,H,A,0.3698666548531431,0.2588047667567448,0.37132857839011213,0
2025_2026,2026-05-24,Liverpool,Brentford,D,H,0.5310871073233574,0.23153304925180854,0.237379843424834,0
2025_2026,2026-05-24,Man City,Aston Villa,A,H,0.6770222111637694,0.18273026670245424,0.14024752213377634,0
2025_2026,2026-05-24,Nott'm Forest,Bournemouth,D,A,0.2657539467319447,0.2542618841705633,0.4799841690974919,0
2025_2026,2026-05-24,Sunderland,Chelsea,H,A,0.2778767434098265,0.25808278360529086,0.4640404729848827,0
2025_2026,2026-05-24,Tottenham,Everton,H,H,0.5016419033421698,0.26956044806030394,0.2287976485975263,1
2025_2026,2026-05-24,West Ham,Leeds,H,H,0.554191658529781,0.22922769330915513,0.21658064816106387,1
